,ID,VariantScore
0,6341,0.4807710379282639
1,10772,0.7146781195878613
2,12524,0.4454719039262137
3,8910,0.46448338098593295
4,5640,7.696272694024923
5,14014,0.49538374582198974
6,8528,0.562836367023553
7,5212,0.6555186527158028
8,9104,0.7298096822271791
9,10312,0.47312718067875786
10,5103,0.6019614264448208
11,11032,0.6956886601563398
12,1331,0.5238685920405626
13,3420,0.5258632202722804
14,9606,0.49989931428342294
15,13583,0.5360252358389206
16,11617,0.3893734606561804
17,1430,0.4653832665382441
18,1517,0.5864604352031438
19,8912,0.4661469338254991
20,12079,0.4755422984525195
21,1888,0.4746272759404376
22,14124,0.5937357178394935
23,13197,0.4968079480954898
24,6137,0.6026044867740169
25,2129,0.4402508234621866
26,606,0.5130997219761874
27,8887,0.46923970466552245
28,14092,0.5228912273976382
29,11906,0.5594904815075376
30,255,0.48193406778877274
31,11307,0.4717518166721135
32,9463,0.7410119654106546
33,14838,1.995337694887574
34,5406,0.3055694180785511
35,7443,0.5931622979532631
36,13282,0.4839417340190544
37,9729,0.46467938045772933
38,7999,0.5236843329061535
39,813,0.4640116916828993
40,1566,0.772481085695755
41,3817,0.5440106219786962
42,12019,0.4959887309561935
43,9741,0.449690088959772
44,13122,0.5522919397725343
45,3844,0.8138364373227107
46,8193,0.5898651097534325
47,14739,0.5010375569116771
48,2041,0.7532656656054069
49,7340,0.5315907245485947
50,14709,0.6768452844318228
51,10530,0.4720670172322954
52,14613,0.46590656804336583
53,3657,0.49362558066044626
54,10078,0.4693428191608204
55,10486,0.3701242003186005
56,14936,0.48112274373385244
57,6942,0.5651286809935367
58,8061,0.7929225403880696
59,4914,0.46067521619054336
60,7053,0.712021453948805
61,10158,0.49050419868714
62,14384,0.5736641291566275
63,11415,0.4660367748194098
64,5547,0.5935502402793525
65,10213,0.5488849758288985
66,9090,0.6355727708754527
67,12108,0.4971497992255623
68,306,0.5464150979260849
69,5703,0.6060488790825749
70,9956,0.49046342545852584
71,13871,0.5032859383234715
72,3429,0.47224290308730366
73,3515,25.31353082426643
74,8543,0.6998266419797196
75,6118,0.5360149180935039
76,7869,0.3997726354454413
77,5627,0.4862468283152068
78,7026,0.4238525444272565
79,14362,0.4967911133360532
80,4700,0.4595240024093685
81,4521,0.4730027568518561
82,13957,0.6481538339222538
83,9518,0.6148323771886482
84,4416,0.2891745658865026
85,9199,0.4975557200886106
86,2356,0.5579092479797586
87,5234,-0.49001731942443116
88,752,0.4803636601556618
89,9680,0.6565983844465506
90,8577,5.149716196173822
91,12393,0.482690816229439
92,1966,0.694778594579347
93,10604,0.44943482995150186
94,3990,0.46822092554070704
95,10341,0.5509504631226065
96,11566,0.6935914851634064
97,6007,-1.062991260751549
98,5655,0.49067478055782165
99,9321,0.6856214684266817
100,4299,0.4633660324049652
101,1094,0.6812652505459493
102,1904,-2.326740246187112
103,2375,0.5650739354910923
104,6209,0.4769304777214982
105,1179,0.6561987968614676
106,4614,0.4442942585812165
107,35,0.48809365413797956
108,8981,0.4279847733879264
109,2006,0.5059867189599039
110,5794,0.6102351677828615
111,7631,0.5002183019779294
112,13873,0.47219120465542563
113,8063,0.5635072618213457
114,10350,0.7349391877395283
115,11407,0.4660028630728874
116,1975,0.521792253940273
117,2646,0.4775203281033329
118,9996,0.5551065119573562
119,5463,0.7521243824264567
120,1891,0.4925658626914551
121,1176,0.5954087709942613
122,9066,0.6400300744941516
123,8632,0.48363063010098784
124,8213,0.6674002266366156
125,119,0.7346196066430482
126,13616,0.6644464481181925
127,12451,0.4860737162680145
128,13201,0.3282393312656672
129,14744,0.4453298656891298
130,8358,0.5915070831286757
131,3290,0.4758483177175049
132,490,0.4974238731497396
133,2881,0.45355514374044925
134,3131,0.47324275767172885
135,5965,0.599282420791443
136,5384,0.5016688249810137
137,6923,0.747120322954361
138,7224,0.5020919721495238
139,223,0.5022911303027942
140,9552,0.49061407170826765
141,13449,0.5417545282991325
142,7776,0.5091661566257026
143,1746,0.4719241492550073
144,10854,0.46517036032969905
145,8817,0.48578746499865644
146,5290,0.594747383357815
147,5941,0.7835019598536908
148,7042,0.4670621205174442
149,14230,0.6286070144956497
150,4388,0.4741695749241678
151,11892,0.473117832178098
152,4600,0.5691858882375953
153,6080,0.5526847075521888
154,9452,0.49973144303570655
155,10578,0.468874870614411
156,1022,0.5243475995471041
157,1788,0.636418374881954
158,12900,0.48130557501867655
159,42,0.5196336934103342
160,14989,-15.951260957785415
161,12787,0.6027008374978428
162,9514,-0.6286571633418401
163,13373,0.45074019570322355
164,9870,0.5751113096600364
165,10367,0.5060253134278627
166,3051,0.6151391025304538
167,14640,0.5019667918374888
168,2179,0.6267305172261705
169,11988,0.6290078331894217
170,4922,0.5988049418616247
171,1764,0.5033277777870215
172,3361,0.6508550854436629
173,13655,0.6183977178107932
174,9156,0.5869140366222697
175,7102,0.5587196400780999
176,842,0.45991210701921464
177,10788,0.4729826302134864
178,8715,0.4491194290771109
179,1046,0.5611341625955316
180,12005,0.5906678958467437
181,1252,0.46591472899330366
182,14886,0.4329599784717606
183,14860,0.45595598361698964
184,4903,0.4763457192708933
185,12441,0.47009480532067294
186,14097,0.4604897674809869
187,8768,0.5634250138672203
188,12453,0.5040174731288178
189,12348,0.438901778032728
190,7741,0.6240342596793551
191,1254,0.5191403508079269
192,2380,8.256113748539523
193,696,0.4927087354172108
194,3352,0.6676535720201519
195,3586,0.45791613497964423
196,7401,0.589027215585874
197,5474,0.6117064919209231
198,8054,0.463826747228035
199,12659,0.5449964994618146
200,3095,0.5293794180592154
201,5721,0.5196370165666151
202,4098,0.4749725631996049
203,14193,0.48753145181013774
204,1854,0.5586488387469829
205,14478,0.4498257143846358
206,1963,0.6052814691619505
207,10805,0.4831339638010165
208,12471,0.5777922643806481
209,5882,0.5595731618916547
210,2878,0.47314252043609606
211,6373,0.46379538349649285
212,8987,0.6200441036506573
213,7218,0.4802537217101029
214,14993,0.4885265081237385
215,2486,0.47881645081140645
216,1366,0.45600100541793487
217,5293,0.4752760625300514
218,11698,0.5706200259549898
219,5645,0.776458815574044
220,5942,0.6134181396874123
221,504,0.6896251683252216
222,2591,0.47210561671965984
223,14868,0.5008936569350221
224,9336,0.6548239865352481
225,9783,0.6408138598448583
226,1242,0.5081294746549884
227,10684,0.50422080631154
228,9234,0.4765892968106049
229,3007,0.4772487667660726
230,3729,0.474020981054169
231,6483,0.7203423014959982
232,4676,0.4555060659515078
233,9909,0.5120262203050986
234,4042,0.5414103887502666
235,11430,0.45109124329408357
236,12110,0.5974070757031507
237,747,0.5250327892649558
238,13154,0.4753038242417037
239,6076,0.36452308454716575
240,435,0.6463485242644896
241,5299,-0.743167926732984
242,11567,0.7209182781779698
243,2121,0.6901590977063188
244,1091,0.8099474386249931
245,5777,0.45275971437955614
246,10280,0.4730273869650511
247,10916,0.7310737389529897
248,13164,0.7043759169894623
249,802,0.5106788307388279
250,12513,0.44498829821324126
251,12835,0.8420191167026435
252,7183,0.7719264986333811
253,1358,0.6087576226325409
254,4053,0.46634971344678006
255,11843,0.5120615004579794
256,1192,0.5147564208944626
257,10307,0.48212776319831024
258,6432,0.500760593561572
259,12236,0.681350109344987
260,7587,0.6454242185529337
261,9111,0.49492489954994306
262,2325,0.583805404133298
263,14483,0.48050677474802916
264,12662,0.7608321748608098
265,7078,0.4920632463538761
266,9700,0.5322761634032915
267,7526,0.45690990637128304
268,3370,0.4940459878562401
269,7604,0.5013157704368196
270,12053,0.8822999624613194
271,11946,0.5111653725991606
272,11584,0.6247445625664196
273,10999,0.5261103375469285
274,3178,0.47147153466152486
275,10834,0.5831774985444094
276,1435,-6.127043898363285
277,8509,0.481698010032155
278,11507,0.4927752703292382
279,6179,-0.4481493557030194
280,9211,0.43764575729162536
281,12624,0.5716992712393729
282,8859,0.5181261689087193
283,2001,0.6300716146445479
284,1572,0.49915697478168364
285,7296,0.7461248891956206
286,12533,0.439385865847691
287,2570,0.5475766548975687
288,12002,0.5819475661311397
289,14168,0.46955154714309577
290,4694,0.4946962868732211
291,1070,0.5153841406779583
292,14180,0.6263827630640082
293,11592,0.5103151919782514
294,5898,0.4660440290501216
295,534,0.637715128745629
296,252,0.6383648657303345
297,13116,0.31477091557134695
298,10900,0.5596044569623346
299,10949,0.5001964553826295
300,7834,0.49730869009618134
301,4,0.5799524283129028
302,6078,0.49759622542119764
303,348,0.5032945515437104
304,1709,0.4656776254779779
305,9177,0.4998957855932554
306,13729,0.49727559371199836
307,11379,0.517603399038698
308,9654,0.527831665037306
309,7576,0.4956330613333587
310,14988,0.5236517213610753
311,12425,0.5928195329530249
312,829,0.5189108880280576
313,7161,0.5167780402341562
314,5449,0.5883187905999379
315,2963,0.7388046888069142
316,3166,0.46465588744998554
317,5831,0.45075402273721665
318,11871,0.5330839730561164
319,11499,0.4820820144723478
320,4749,0.7860734555506889
321,2656,0.46164091269871244
322,14223,0.6269050752136739
323,9597,0.6175744457822556
324,4743,0.5523343207215845
325,11157,0.4653238224780732
326,12296,0.458242439278446
327,1811,0.5069613247636987
328,10016,0.5868117954659606
329,1274,0.43878357917592403
330,14836,0.5610117839344306
331,9213,0.6490448015268804
332,8553,0.47369372069248916
333,7605,0.7090545464096385
334,3534,0.4693755391299555
335,12208,0.6087655935674794
336,14826,0.4945163514040015
337,12738,0.5198402917325372
338,12926,0.6817164447964486
339,4139,0.42057872677357633
340,5044,0.4898010441233488
341,3055,0.45095919536449736
342,6123,0.4781399784661168
343,13612,0.4746900962527785
344,10856,0.5581773593662598
345,7310,0.4818225172238912
346,3714,0.4925328473004409
347,3215,0.5621623160608793
348,6450,0.4843629079069245
349,12280,0.4892059031671955
350,4065,0.6568588079139259
351,7580,0.5368783208486816
352,14308,0.44787222437748575
353,6083,0.7429764656424085
354,8511,0.7098766384731574
355,4866,0.4536452558447596
356,9132,0.4808997072889519
357,10528,0.7533873203485048
358,7479,0.5070931450612453
359,14968,0.527397032069405
360,8875,0.5221148775753053
361,12532,0.46976118994573957
362,4115,0.6484046206058713
363,10843,0.5113081455387445
364,7714,0.7642301691196312
365,5688,0.5148798661416497
366,8488,0.5709019925383987
367,2967,0.8819457869718881
368,1120,1.5344418171840681
369,14948,0.5500373862781107
370,8231,0.5618589748165758
371,12653,0.4717035794304155
372,11948,0.4470966479341806
373,10100,0.5659281134335252
374,6053,0.48568356411366964
375,10257,4.775888704770638
376,9001,0.4742088722242368
377,8277,0.7563067855534975
378,12003,0.6014819164404992
379,2313,0.7960666411333327
380,13204,0.4865695276535576
381,12318,0.6007962209752573
382,9905,0.5395433484030845
383,6791,0.5042449128608382
384,11957,0.4674910698938356
385,9292,0.5687191215385609
386,1641,0.5387028595646989
387,7217,0.5067246544568736
388,2436,0.4910481657908275
389,6912,0.5263859997347434
390,6334,0.49956745605867825
391,6591,0.4863331436210814
392,12809,0.5410781049274407
393,8678,0.5071352852713392
394,12622,0.49692005272211126
395,105,0.6821315967701868
396,4981,0.5320586898278478
397,5549,0.5710975382829503
398,5088,0.36434995116041824
399,8967,0.4900226741685897
400,116,0.44267412409767726
401,2062,0.4645854399274708
402,2927,0.4828370581888924
403,5050,0.47236573060827103
404,3545,0.4971044577909336
405,1017,0.6803505321528652
406,217,0.668101006739177
407,1149,0.6547063209636708
408,12329,0.49205508949198706
409,6484,0.5783282863962232
410,5465,0.5105079370310084
411,12103,0.5176301457872365
412,6789,0.41060366659302194
413,11360,0.576703778156077
414,10689,0.7262487682931489
415,2615,0.611168127685044
416,12444,0.6562813687179448
417,10069,0.5944069583757023
418,10618,0.4313264470856355
419,9335,0.6547046703623127
420,10431,0.5259986789277182
421,5320,0.5214087052267011
422,8638,0.3681089707393135
423,13083,0.3261377912734192
424,10099,0.45664898575403545
425,3217,0.4839192656745054
426,6707,0.48173665371028496
427,293,0.5362606994321921
428,3185,0.5050805832988454
429,14050,0.675867606891023
430,7662,0.475279663669628
431,13749,0.49732651826002733
432,1103,0.4678129742403285
433,7750,0.569010386936878
434,14658,0.473448193960915
435,11655,0.8891822338136823
436,10936,0.6680058852872967
437,14059,0.8054828394624579
438,5766,0.4940037729533434
439,11692,0.5656706821534777
440,3546,0.5369003220256843
441,14045,0.4340006110222612
442,11352,0.45296923770605735
443,194,0.36340272552505626
444,7069,0.46824404792327196
445,7543,0.6629214840493184
446,1473,0.4869390815069481
447,2812,0.4770568758648103
448,5539,0.6922321146360637
449,13826,0.5964115807304402
450,10295,0.4997265738450406
451,469,0.4577495295182665
452,4620,0.5800365538322485
453,5211,0.7459190744796067
454,3653,0.4947666317046244
455,13738,0.49862354904326267
456,6121,0.47542300855157815
457,11129,0.6103753545688748
458,3728,0.6920336820559673
459,12543,0.48167419663288114
460,11849,39.86518043100035
461,2056,0.42278908579797825
462,3474,0.5410731780704737
463,12470,-8.648629567831584
464,9507,0.44895525347219833
465,6550,0.6132350550590324
466,9628,0.46160685804595597
467,14163,0.5017271215675869
468,14641,1.056850184348334
469,2361,0.5253851120842117
470,467,0.44604436998247077
471,9529,0.5959603892232909
472,1154,0.4877768238652953
473,5013,0.49110892893594116
474,11464,0.7090264942469824
475,10097,0.476439043474172
476,10861,0.45894581493379155
477,10693,0.49376456617513964
478,8696,0.6370142536984025
479,9237,0.5332099137797769
480,4909,0.5630413498608331
481,8381,0.5195489011741443
482,8924,0.49241788534613545
483,6687,0.48690637316547214
484,4692,0.5179568284531015
485,14061,0.47142164557221566
486,2508,0.507457429798952
487,5018,0.47139994553796816
488,2310,0.48748517548021253
489,2877,0.551741946183776
490,2825,0.4266908162906712
491,13724,0.38267289918231384
492,12102,0.5402018597370931
493,3265,0.5898161477505326
494,9577,0.4836431208483575
495,7108,0.50000572563048
496,5813,0.38964321886527953
497,3991,0.5350693514946202
498,12223,0.570834914816958
499,9803,0.611406001419055
500,7205,0.5415701132273409
501,7216,0.5075754323987157
502,14343,0.5223054479066278
503,12352,0.47376235836018293
504,8979,0.6049548182585289
505,3631,0.4728245572089098
506,6938,0.6554817307057227
507,2364,0.5104650527870628
508,14254,0.4903221856694029
509,12203,0.4697164974837367
510,4019,0.48854579416052435
511,5396,0.46494533545302275
512,2814,0.32716906586000977
513,2997,0.47532639899250706
514,9932,0.5149745574326954
515,8460,0.4813750332453065
516,8117,0.43891309119598165
517,7305,0.7335162473999668
518,11455,0.5903408707707224
519,12897,0.8831090686157392
520,14787,0.6462782005802814
521,2893,0.7849498133397537
522,10762,0.44112768691629006
523,4642,0.727851857990005
524,5952,-1.346965834667599
525,6263,0.46813563595715635
526,14081,0.4464835415426591
527,3600,0.6055058164913153
528,11884,0.6507782662380344
529,4325,0.7622303182921113
530,6525,2.149635420605335
531,7138,0.48331971703978027
532,12868,0.5183088319198191
533,8279,0.6579144694509997
534,11593,0.4554579557808814
535,6671,0.49103255033306037
536,10076,0.4689048233889468
537,5418,0.8011786733779886
538,4191,0.6048884443030071
539,10271,0.47545195517306893
540,7396,0.40922604662633444
541,1122,1.1445357136584446
542,7441,0.47771029299292556
543,862,0.5157650800761234
544,13418,0.5133888369059262
545,5585,0.4929533642557798
546,14533,0.5335109226628116
547,14531,0.42655719324454333
548,4854,0.37873540738734146
549,6387,0.49035813206585727
550,7652,0.4720504835850696
551,473,0.4791023701744703
552,9681,0.4069019535063175
553,3234,0.5299121362974384
554,7990,0.5067307590719359
555,9603,0.5536171428212971
556,12064,0.4913106659483966
557,14110,0.46338868663607546
558,11845,0.5650139769749991
559,14105,0.4860124809456916
560,1829,0.4451224542634843
561,8983,0.47288528161201154
562,10728,0.5210017247867721
563,11337,0.719265301680448
564,12941,0.47925777954170173
565,10918,0.47728095776659263
566,8975,0.48415767573915425
567,6486,0.5880836031554315
568,8319,0.5135159041754493
569,3967,0.6924017878032971
570,14542,0.6566576848569248
571,4458,0.5296105729768248
572,13004,0.5450301895412791
573,4251,0.610895364048252
574,5911,0.6053798829109818
575,5704,0.6248414493553485
576,1223,0.6772248469290227
577,7523,0.5352037332980977
578,9312,0.48455544240708737
579,5208,0.5114472473545039
580,13569,0.5049548116773556
581,660,0.46927269163950547
582,2525,0.4547371987388378
583,4983,0.45963926832853397
584,823,0.47865085634857024
585,11870,0.48854115344866944
586,3376,0.3802313791273251
587,9242,0.7718410131628543
588,109,0.5737855477711107
589,7818,0.49172478394680436
590,10309,0.47436594976381574
591,4933,0.5008230837837662
592,9413,0.5701422102632654
593,195,0.5366655126407708
594,13753,0.5353468515443895
595,1815,0.5154284967558587
596,8346,0.4675138592316488
597,13823,0.48624769183849775
598,9210,0.5710066908417213
599,5459,0.5145315910788102
600,12641,0.5804589419433779
601,14189,0.6408766494809219
602,2396,0.45315617851852596
603,4737,0.4908956554057965
604,2973,0.4591961428095107
605,6196,0.4857794176182888
606,3929,0.4396066163692671
607,13302,0.5592334876688649
608,14006,0.6281102861111334
609,5570,0.8189070838325352
610,8514,0.4691882834133757
611,10979,0.48962773278322264
612,178,0.6631696186403976
613,8180,0.5847052636242009
614,9496,0.5085556373248076
615,2735,0.5302600551928596
616,4100,0.47133117211972075
617,10081,0.47283785746729434
618,12420,0.3169394181562989
619,7942,0.5530691526554761
620,9348,1.7056139639367092
621,861,0.456399758848023
622,14147,0.8374765257143493
623,6492,-8.988151758311574
624,8114,0.41678386175388893
625,2312,0.6189779231891364
626,10647,0.5035070766740575
627,553,0.6071998315774662
628,14855,0.4861639459430804
629,7483,0.3874650027661404
630,14635,0.7468387365180434
631,7285,0.5672883033461882
632,14079,0.49606796173415546
633,1898,0.4648264964391312
634,426,0.5097145460207888
635,14133,0.5580170425965697
636,7594,0.4717551960906886
637,11196,0.5608087436134642
638,3878,0.6034565314638907
639,8711,0.4972665202884255
640,4573,0.40399999802331843
641,9629,0.6080128887132139
642,12509,0.47890940701098367
643,5804,0.6988272370765907
644,13548,0.4617549816152864
645,13294,0.3361732664032979
646,3082,0.7577244199444337
647,9167,0.5931159710730356
648,13743,0.6829617780817953
649,723,0.47718004862691976
650,4456,0.4502145083573438
651,3148,0.5688002263756271
652,1910,0.4986524186747352
653,5094,0.5254001655369258
654,4023,0.3878650734093143
655,12333,0.8260712852975617
656,13845,0.5214025799907294
657,7551,0.788651990378285
658,7879,0.48037111457680426
659,8185,0.47465692234127216
660,2866,0.31546508800571904
661,13887,0.4894030257652078
662,12421,0.4740085450623007
663,7047,0.4964287898331132
664,13639,0.5421937986727181
665,9859,0.4877281235683243
666,13419,0.6235552250998173
667,14159,0.4853761477114361
668,4795,0.5029525242241817
669,1769,0.5475440434083836
670,3415,0.5749918483166525
671,8969,0.8616668879484138
672,14121,0.49482277757183346
673,11994,0.5066647783294012
674,10329,-1.067455298513968
675,1033,0.5025350196972842
676,5466,0.5849615043868108
677,11922,0.7481244797576492
678,2242,0.4687409487219415
679,10551,0.507829391149775
680,1444,0.6202430919991279
681,8139,0.5981803108319443
682,8329,0.3815288187487872
683,11779,0.5122394714469982
684,248,0.4975556476614126
685,11995,0.6043810045526539
686,5104,0.42656204457825897
687,1924,0.64973817623758
688,7876,0.4653773886804887
689,12128,0.47593626678080586
690,11573,0.5386431391189488
691,8015,0.5392807399561035
692,5437,0.5004228024121343
693,12600,0.5080376345950948
694,12828,0.5211906421119925
695,581,0.5849881126894059
696,13661,0.5153512853804842
697,260,0.4598044231227574
698,10727,0.5706256067112806
699,7311,0.4697825401145709
700,12516,5.117782889455205
701,12132,0.46425033424544127
702,3059,0.4955850289461449
703,10043,0.41357988035764603
704,4059,0.551298027439235
705,8857,0.4990542306291942
706,1139,0.771816307753992
707,9425,0.5343009238448455
708,10289,0.4549969294449671
709,3143,0.5372117465495945
710,9176,0.5016811486091357
711,5480,0.49448840166454666
712,2202,0.503091254893981
713,4545,0.10937832693419791
714,6423,0.59090085616216
715,3582,0.47579826619167154
716,6657,0.6759009502824319
717,10822,0.5747548956643281
718,8490,0.6939449014604947
719,6972,0.4775391257430214
720,10362,0.5077261292895279
721,10968,0.6954793381059803
722,6236,-3.3038062559970176
723,11842,0.6519624439817238
724,4804,0.5881902379082904
725,12210,0.4540170672670971
726,13543,0.4723328275810681
727,2675,0.5057101170482734
728,4675,0.718324099639258
729,11611,0.7255420569541975
730,927,0.6103159801143154
731,13761,0.6679959234750756
732,3819,0.673879474138865
733,9051,0.38079397349264155
734,9829,0.47868606356765686
735,9572,0.4793924461659953
736,13483,0.4750452906734999
737,14173,0.47219722024027394
738,5583,0.6065587127868837
739,7435,0.47174451378229243
740,5295,0.4788278239503687
741,12540,0.4826577025383363
742,10119,0.6959538005176799
743,2587,0.4736002585520946
744,4127,0.48339571504104606
745,13014,0.39964530145890453
746,1884,0.4665779258660413
747,10066,0.4507345676697364
748,1982,0.46730048780465644
749,5956,0.4511542678199063
750,1919,0.44905960785526533
751,14730,0.4816959082300143
752,13838,0.7030861160055962
753,345,0.4294474665525452
754,8941,0.64321099876698
755,2204,0.4900124160997131
756,6869,0.5424412534713822
757,3291,0.46028420456453506
758,1846,0.6125103331511367
759,13378,2.0278256527677927
760,2696,0.5212278615803204
761,7843,0.557169072023449
762,10559,0.4997875083927068
763,12193,0.49019031880737024
764,6104,0.5100251260554859
765,2194,0.4807392393215645
766,12974,0.6006593546523731
767,9500,0.455470354937241
768,8667,0.5207802928348059
769,12645,0.46199299564630225
770,11079,0.4692179281798635
771,13482,0.3104014190064621
772,4216,0.5560902427086644
773,3330,0.4972813562065992
774,6642,0.6744661026620998
775,5787,0.5219735575020796
776,13971,0.6326927333735209
777,7282,-0.8880704543635622
778,9811,28.20294616177235
779,6424,0.5194230023969102
780,14557,0.4889914431179134
781,12592,0.6590057198632083
782,11303,0.5633159087947064
783,12434,0.3828106032079682
784,11554,0.47415708883242147
785,1773,0.48841619671729153
786,3309,0.5078129859580627
787,5846,0.49022931055357394
788,9533,0.48147238271715853
789,5344,0.6304459679496577
790,728,0.626232881610062
791,7575,0.4629958869774926
792,5763,0.55016886842133
793,7453,0.4983105309563348
794,4493,0.6301269084421199
795,2107,0.48521872545842754
796,12898,0.5319798356806977
797,6611,0.5050325958855745
798,2233,0.5140876677639228
799,3444,0.46260616381424835
800,8959,0.5175376647092818
801,2804,0.48846580987307486
802,8122,0.4610965531753666
803,3,0.6272632749818964
804,11339,0.6634943965513598
805,652,0.49961668431245065
806,1230,0.4842770539512742
807,5690,0.6162325339075234
808,11189,0.5068156359853575
809,8570,0.4833385516041574
810,12943,0.5471874200146138
811,6792,0.4808589924379037
812,13514,0.47776312083187034
813,1539,0.5413520884360731
814,1032,0.5186453724789652
815,3348,0.4590950165686608
816,4656,0.8365691082289731
817,12996,0.5657027816958522
818,6054,0.4707907141712204
819,7663,0.2558799710359323
820,9842,0.6661672399709594
821,14934,0.6779156873982236
822,8608,0.7141265422034695
823,5298,0.596966098421087
824,5010,0.44881940804402554
825,3409,0.4786345183330524
826,13291,0.5405639374539369
827,1569,0.4970607789768281
828,13725,0.46774951696566774
829,4682,0.4314511812140567
830,8340,0.5011991948789005
831,1392,0.5334927288563381
832,3718,0.4871418860219038
833,7162,0.7280635610630184
834,10982,0.4859752155171538
835,3310,0.6746310102473201
836,4477,0.4809310562866151
837,7672,0.7342261238374871
838,12968,0.5275238209790152
839,8017,0.6457068024949661
840,1587,0.6412900367147885
841,3701,0.467969013770945
842,3450,0.4609321284361425
843,7297,0.5469608362573993
844,12009,0.4382580726842138
845,120,0.5118913058430599
846,2008,6.436784981483549
847,14184,0.46510049197842007
848,13697,0.49593928547716115
849,8620,0.4662145790443917
850,1127,0.47264688017088086
851,11064,0.47733957436544444
852,1095,0.8400966001875065
853,12090,0.6752009936342344
854,12770,0.4636250119197656
855,5357,0.7739051822851147
856,8998,0.5328539275926147
857,5226,0.47118834903525414
858,3537,0.6248097381138725
859,9584,0.44758419825649853
860,11501,0.5579891329109068
861,5032,0.46331264304255587
862,8825,0.4668576311020351
863,2647,0.46859552230574003
864,321,0.5315911102164546
865,2368,0.45846922867022155
866,6188,0.6019680630411637
867,7687,0.4980300943020982
868,3112,0.6134899551812851
869,623,0.4933744700660776
870,13050,11.880187722875306
871,13167,0.7256659785467062
872,4706,0.5391610525238231
873,11951,0.4536994156760283
874,3854,0.36428138856949255
875,55,0.49142689939479717
876,7643,0.45910095890022373
877,14261,0.4818350947796539
878,11054,0.47358890205685533
879,9959,0.480627183939368
880,13318,0.46192520339207416
881,10692,0.4709614806672857
882,1249,0.49902178460433777
883,5220,0.45864918162917273
884,14138,0.5669709817719923
885,5871,0.5737509995299124
886,11465,0.46686311002909087
887,5827,-5.806949747401365
888,14810,0.6852186635386754
889,5047,0.582614938460428
890,13878,0.4650581489887242
891,4898,0.5948948780863954
892,11809,0.47463901741488285
893,527,0.49444631077777723
894,638,0.4960344547453916
895,6970,0.46417372863808926
896,6074,0.7130399839148427
897,4201,0.483302368231018
898,10313,0.6094456557734684
899,7702,0.5086274574745898
900,11961,0.5281892591963754
901,3476,0.7199451980134339
902,8914,0.5067670972138716
903,7380,0.7354396555496159
904,9121,0.5255805412727038
905,6364,0.5796354151585869
906,5756,0.5741751946815155
907,9221,0.7871902749959376
908,1838,0.49909398300351027
909,8265,0.48215930366009785
910,2012,0.662130971159955
911,9556,0.5960523436404891
912,11237,0.8223707596526992
913,5318,0.7533654599591522
914,13842,0.4763119343870189
915,2031,0.5599996833246785
916,4999,0.5842285469844483
917,14,0.7769649706250943
918,7822,0.4591382080876456
919,13637,0.32065357679508044
920,672,0.5563068474802513
921,11331,0.5338337073496311
922,956,0.7645480642892767
923,11969,0.47770998742508386
924,2827,0.5367598882668718
925,1043,0.4880498091811708
926,569,0.4859532982915109
927,10627,0.5467218605978912
928,8745,0.6345761986664225
929,5985,0.5198762477455071
930,6578,0.5861572089514868
931,7880,0.5226119079104211
932,4247,0.732693998137638
933,2664,0.5801170665922438
934,9347,0.44364999422287094
935,1229,0.70190228775627
936,2513,0.4734550967663757
937,4952,0.4787530690627315
938,11182,0.6053654968376722
939,1285,0.4870128753948455
940,3917,0.5121639127827325
941,2803,0.30036157012213693
942,6421,0.46511728962281296
943,7257,0.49866035111169427
944,4207,0.3616762749449409
945,8321,0.535655228330898
946,3491,0.5264524572194881
947,10698,0.5145156133691517
948,8242,0.7073665606048954
949,8863,0.4797875908420527
950,8788,0.49118358810076346
951,6415,0.5052631766046272
952,7000,0.47396812694968865
953,2918,0.7512389350837245
954,9482,0.5813576926315994
955,5267,0.48622375839450105
956,11749,0.4442066160900662
957,12584,0.47099761199196255
958,6249,0.45155471928678603
959,7997,0.7311786113214129
960,6534,0.5110459253573005
961,4393,0.436268917459933
962,7629,0.5688583118633327
963,4391,0.6798721970697419
964,1414,0.4224374690921695
965,13970,0.444530941126767
966,13802,0.5746736692912695
967,10957,0.4976347285439622
968,12081,0.4657301750700171
969,6853,0.48112834908584295
970,12762,0.5524807830696239
971,12026,0.6145022672002631
972,1218,0.5545513859461046
973,10776,0.512195092223121
974,7907,0.47143068932445037
975,342,0.46877391051869166
976,14520,0.528252616371016
977,7293,0.6358590295907509
978,4628,0.47474978962244646
979,5577,0.4882166575224842
980,11773,0.5422932628826334
981,3632,0.45777359022345887
982,1130,0.47964617805248644
983,214,0.6022615436993841
984,11180,0.933200246948922
985,4097,0.46364724162147064
986,5203,0.44092298429411597
987,8503,0.5304333339634677
988,9467,0.5650602484074908
989,9516,0.5476476305777471
990,14895,0.47559254312837895
991,13774,0.5533625641782187
992,9589,0.6117028461166879
993,5420,0.5059775787609413
994,13660,0.4810451274872857
995,13791,61.04002995667445
996,5043,0.4613724508581047
997,6259,0.4680203471201031
998,1037,0.5673629082376785
999,13023,0.4942592361302366
1000,2573,0.6181756422645377
1001,4063,0.4961879874965011
1002,11000,0.4800312252197577
1003,13965,0.5267255845526027
1004,14894,0.468998445750696
1005,7141,0.6068214767663553
1006,1732,0.479985841364284
1007,6540,0.6989571936002296
1008,1248,0.47846690141091053
1009,8225,0.4445173311173602
1010,5237,0.7028815989050246
1011,10668,0.67367338056622
1012,12821,0.5896823024849025
1013,7109,0.4670390008213896
1014,13614,0.6081518118236784
1015,5285,0.4125778616002269
1016,950,0.5047019010225997
1017,11570,0.5589075152254006
1018,13475,0.498226213610086
1019,9651,0.5984941295888675
1020,2303,0.47803215518816816
1021,8311,0.46718037209963
1022,1270,0.4863856866944788
1023,2137,0.7792652822264752
1024,12246,0.5191213283934382
1025,8205,0.4939709037925207
1026,8891,0.5168149845775493
1027,9416,0.46299972761657027
1028,13003,-0.38804455263141646
1029,8493,0.7875703336134277
1030,7863,0.47198048339219334
1031,8688,0.6356604672126056
1032,4342,0.7144084124905297
1033,5637,0.7590953634205688
1034,904,0.5242185731898057
1035,539,0.42993464453681707
1036,1426,0.5231403657067026
1037,7076,0.4950865855288039
1038,7516,0.637857187760786
1039,10141,0.5067353690174143
1040,11385,0.6938966453240796
1041,10392,0.48789966413864894
1042,12931,0.46299419876752723
1043,13285,0.4948312987704412
1044,7796,0.8079064652101614
1045,14420,0.5068952827748775
1046,9586,0.46857956352008656
1047,8396,0.5100540392743023
1048,14195,0.4740907496890513
1049,3050,0.42029556118040023
1050,10703,-2.0197927553607475
1051,8629,0.4688023167028381
1052,6796,0.48349194665258277
1053,5590,0.4888464141374498
1054,10044,0.5589211800746603
1055,3295,0.4704587824294236
1056,8120,0.5063828778365285
1057,213,0.487094541001396
1058,374,0.5060353916902661
1059,2548,0.5045541337866774
1060,1050,0.5514780852778056
1061,9,0.4934473697305326
1062,14285,0.6528932961738171
1063,3358,0.544286466042074
1064,1761,0.35667621332053756
1065,59,0.46985219409966567
1066,351,0.5233751323775908
1067,5407,0.467811091747558
1068,12045,0.4261079272922371
1069,7872,0.5570492736465347
1070,8113,0.4771760383512563
1071,10883,0.6401775888496382
1072,2830,0.6472675366960302
1073,12706,0.30528047566345373
1074,2258,0.49971376862342703
1075,7499,0.4908114290705148
1076,14770,0.5666866243278063
1077,5838,0.46572539650219014
1078,4026,0.47797217352474386
1079,7969,0.4721029100118343
1080,13338,0.524805582873709
1081,5934,0.4703778306638908
1082,12245,0.4612303422170448
1083,2434,0.29783883955566104
1084,6874,0.48765612313957307
1085,7404,0.4822079128024074
1086,4281,0.5134409449454961
1087,10406,0.15753793837798158
1088,14680,0.608452770749598
1089,1260,0.6788786924895025
1090,682,0.6385680607033264
1091,7596,0.5141211204443782
1092,1890,0.7154563170022894
1093,5247,0.5004770784479171
1094,71,0.6180722317592285
1095,3656,0.4855556471701882
1096,1614,0.4371959668609147
1097,12158,0.6117982415917697
1098,7802,0.6845054355533753
1099,924,0.5091551530969525
1100,11784,0.474171410719362
1101,2709,0.44313205374478515
1102,366,0.5088275477740126
1103,12780,0.4932894894645704
1104,6605,0.7298718258291887
1105,545,0.5946873993841459
1106,9506,0.43620398528698123
1107,5728,0.7215232468204363
1108,3611,0.48488705547564714
1109,10946,0.6493191748373207
1110,8195,0.49336243993624984
1111,9032,0.5517459249357689
1112,11602,0.8633373557697706
1113,10438,0.49615575090247777
1114,14967,0.46082637110796915
1115,3411,0.4977747800908668
1116,13102,0.4927686864200498
1117,5891,0.7941961373223244
1118,14467,0.5495806253205207
1119,3731,0.5403571029245404
1120,307,0.6734423966706948
1121,11900,0.5371622980363294
1122,4425,0.45535142870163514
1123,5675,0.7402788741367609
1124,8077,0.5111519799269315
1125,8888,0.5436608267792249
1126,1728,0.48921387636265906
1127,5566,0.8125229575651662
1128,14507,0.5723606129778442
1129,14922,0.6041093604696908
1130,4695,-1.1358561556826618
1131,13590,0.45237699383201235
1132,6516,0.4707476970786081
1133,11743,0.4940262505346895
1134,7514,0.4536646175499196
1135,11213,0.5190807515590022
1136,12757,0.47893274820542925
1137,7174,0.47859559498669013
1138,9618,0.5966979010394285
1139,8733,0.5757656082608045
1140,5263,0.4904517078833874
1141,12087,0.4580926020946291
1142,12215,0.31269560606097213
1143,7239,0.5918437290396175
1144,7985,0.5011148499364603
1145,8431,0.6740400630822759
1146,2763,0.5072830951026744
1147,3464,0.5594757394348593
1148,5436,0.4758942967619505
1149,11766,0.4717761523238022
1150,4569,0.6555964779366266
1151,8710,0.4845688816549789
1152,14644,0.5023515563128325
1153,12556,0.6076708504719841
1154,445,0.5354308503634797
1155,5626,0.3469804630199388
1156,5282,0.5662096635542837
1157,5350,0.4995115980899022
1158,3360,0.5343202588852622
1159,12695,0.7553095510051621
1160,11741,0.4754912394841477
1161,11964,0.4894115492059979
1162,1521,0.48609442119773627
1163,10664,0.495632619259206
1164,10643,0.5885485991889434
1165,10148,0.5057584976137677
1166,425,0.6185047550519986
1167,7226,0.42556953643074114
1168,6744,0.5004093368478075
1169,13768,0.5635057027234835
1170,14284,0.5359775408849625
1171,11912,0.4749914338243786
1172,13169,0.7177415109274952
1173,10585,0.5089385335448849
1174,7085,0.45814385106521355
1175,12601,0.5313235227646181
1176,11763,0.46702316091632673
1177,1540,0.720390400009386
1178,6408,0.501847858263463
1179,9824,0.44887494290933394
1180,13562,0.49091534628083305
1181,2875,0.5252828805199202
1182,2774,0.4885047238794369
1183,11621,0.4914944084313777
1184,9487,0.449391384218662
1185,6973,0.422196951055429
1186,9443,0.5242942967365162
1187,3362,0.47298539180290067
1188,2376,0.5139756230920405
1189,12794,0.47796800570503306
1190,10160,0.5639034255068804
1191,3374,0.4618341163528338
1192,5283,0.4261390741706925
1193,190,0.6890474872690093
1194,10809,0.5625867977266138
1195,11443,0.5155817272685342
1196,10878,0.46268903842749054
1197,11173,0.7826665700448461
1198,7712,0.4859283991440202
1199,12130,0.5081478020323003
1200,14565,0.49055647768300203
1201,14143,0.49395364391244434
1202,11147,38.17717524452935
1203,3521,0.5064691090826478
1204,6737,0.5337258427070404
1205,2694,0.489158847617293
1206,3660,0.7131270269322412
1207,4228,0.4641641569323135
1208,13010,0.5824028262492897
1209,4771,0.5078603562491182
1210,1190,0.43832437872000385
1211,9173,0.7575383081565312
1212,10716,0.5023796588004716
1213,14221,0.5496758246640676
1214,8394,0.5705727485525811
1215,10115,0.5472446355432717
1216,1981,0.5144574973318856
1217,11160,0.5449945222134491
1218,11119,0.31892121523379535
1219,6755,0.48454379748304854
1220,3518,0.26500524148232907
1221,11308,0.5173158519160025
1222,11226,0.5743791941673326
1223,7665,0.703667905007855
1224,7536,0.4742755238131201
1225,2462,0.49875825016399306
1226,9248,0.6925267471251327
1227,1286,0.7039662715183093
1228,10260,0.4923380027831845
1229,1227,0.4268530600804632
1230,3274,0.4484125088148234
1231,10022,0.3172187847228569
1232,3377,0.5128909799647025
1233,3961,0.6943945824804154
1234,2779,0.66955088855146
1235,10059,0.7220285365171262
1236,1399,0.5786118775184648
1237,4189,0.5096811238323692
1238,3026,0.4880519726454433
1239,5177,0.7562552140621515
1240,8109,0.48931513648850405
1241,11249,0.46014263712222647
1242,1390,0.47291453009511947
1243,7019,0.4804650494687147
1244,12120,0.5626825669562834
1245,4926,0.48030871286246907
1246,9346,0.5259875802024945
1247,11522,0.49648388203335925
1248,6316,0.49970118136455144
1249,7890,0.5699460811377043
1250,3669,0.5044632881636932
1251,13420,0.6250109045565186
1252,11412,0.598793566714328
1253,13894,0.6778551917861749
1254,11384,0.458351839289795
1255,13218,0.5452402630476556
1256,8259,0.7584076264360025
1257,3363,0.619915673577721
1258,409,0.48539601552106654
1259,6681,0.7746431585981364
1260,9461,0.7033950491034103
1261,13788,0.6795296282017083
1262,640,0.45570193039376305
1263,748,0.47140475607218596
1264,13541,0.5675518103820606
1265,2456,0.7310504041713038
1266,8649,0.560878132776355
1267,14605,0.4484312808069475
1268,1048,0.6378816292010879
1269,11100,0.5123613251289202
1270,7669,0.5559256721629131
1271,3553,0.46456479864238553
1272,11134,0.40439883007320365
1273,6905,0.8402205841809981
1274,9773,0.4917988576706208
1275,14083,0.4209347574246737
1276,7945,2.481799683511013
1277,9472,0.6914764052190465
1278,151,0.6054814533007541
1279,11742,0.4819088962346014
1280,6094,0.6369881274009591
1281,10537,0.476360207289315
1282,12326,0.7660063429141635
1283,10487,0.4686411527739655
1284,6068,0.4757962533664406
1285,8794,0.5025073517362875
1286,971,0.478350823238064
1287,5315,0.6112625231338186
1288,14664,0.5231378363965143
1289,9924,0.5186415240397213
1290,12048,0.5462019559799104
1291,12240,0.48552187942642927
1292,4242,0.7210079131192089
1293,3527,0.48149489377928356
1294,10500,0.4808153261323993
1295,8607,41.89078585898808
1296,4734,0.782725467435149
1297,10399,0.55292330829514
1298,14539,0.4916269573560055
1299,3040,6.171136220344639
1300,6584,0.467796978206402
1301,14388,0.46650553291548114
1302,13002,0.4868639525098021
1303,11711,0.4720773554225307
1304,3467,0.46110515861539636
1305,13255,0.46798021532747425
1306,14085,0.49624454093216275
1307,6194,0.4806872795349683
1308,13248,0.5646296453569848
1309,2369,0.4660964821668585
1310,9575,0.47151685261434617
1311,3092,0.4916537031653136
1312,7797,0.6082869275180416
1313,7391,0.5191480186717369
1314,10701,0.46680011609850597
1315,8150,0.4595182601880848
1316,7844,0.48261585705816434
1317,12454,0.45815649024556304
1318,6225,0.6526118047339606
1319,4348,0.46972273749944615
1320,6798,0.48830959530353635
1321,14872,0.5820859205843227
1322,13938,0.563134904794975
1323,12111,0.6338104625880134
1324,6443,0.5605945758248433
1325,13500,0.46828198017144684
1326,9775,0.4571148408263933
1327,5478,0.4289019152877933
1328,5494,0.6610798500339259
1329,10541,0.2856035974097897
1330,2449,0.4551344629674129
1331,6159,0.5132246694226648
1332,6543,0.41951375108372924
1333,7339,0.45336689396406893
1334,6333,0.469664509529806
1335,4161,0.5197657507057143
1336,8104,0.6935229496483124
1337,10879,0.4664656148545031
1338,8802,0.4852564698563554
1339,5105,0.47204669474872396
1340,6069,0.6091791439400367
1341,1084,0.46220752421695577
1342,1485,0.4790045081769493
1343,11891,0.44813455988431616
1344,12807,0.5481856510589912
1345,4988,0.5898191301853674
1346,10831,0.5738863732283707
1347,2533,0.5447538890199688
1348,12790,0.5833620783668093
1349,5693,0.6674369543966892
1350,4478,-0.8100936695120933
1351,9396,0.5752519327205063
1352,10436,0.6328218188493224
1353,8907,0.43568989642636635
1354,4209,0.45165512475674774
1355,1009,0.5497551377642234
1356,11978,0.5650846185342884
1357,6612,0.6451524336847048
1358,11009,0.48725007436492973
1359,8450,29.858499404944574
1360,2148,0.5262833212459858
1361,1318,0.5023381134825844
1362,10673,0.4798835373957119
1363,14525,0.5759398630898697
1364,5970,0.6121970529281673
1365,7067,0.4858302035147744
1366,3366,0.5080661843596471
1367,2307,0.5353831340820795
1368,5137,0.8184362998555998
1369,816,0.47374627262983293
1370,4481,0.5312715039745421
1371,14361,0.5183390068146754
1372,4498,0.47456977990251126
1373,14068,0.3652280944045778
1374,9140,0.4238938863180962
1375,12676,0.5419335621675906
1376,6238,0.6590999549501895
1377,4236,0.5368192326523435
1378,2276,0.4915610889544445
1379,4730,0.5599013173997889
1380,9787,0.5236373590606445
1381,3285,0.404626056762461
1382,14479,0.38990555747743927
1383,10709,0.6239892927860984
1384,6380,0.5020712697089895
1385,2522,0.44882635338968835
1386,9127,0.5148981812141836
1387,3270,0.54174903852779
1388,1482,0.4710057708390747
1389,3738,0.48582115810887416
1390,10287,0.5039902185702968
1391,14160,0.5342308558225675
1392,12726,0.685275921303108
1393,4762,0.47325165583432405
1394,4968,0.46759723865954883
1395,2969,0.7100150700576168
1396,64,0.6232616726956645
1397,4460,0.4753695632252005
1398,5968,0.4695036272982551
1399,9124,0.452539010062407
1400,7685,0.6310189374591848
1401,5578,-7.73663981867687
1402,1294,0.43823456556880525
1403,9431,0.6714069025383529
1404,423,0.5176970175747312
1405,5374,0.44822043689997004
1406,1364,0.387133915107863
1407,6095,0.4722629534439612
1408,9598,0.5211896786052603
1409,11453,0.42430427130210857
1410,329,0.7309140257725788
1411,12225,0.49817273937008255
1412,5556,0.5612700555210783
1413,1841,0.500167614927497
1414,10507,0.4775035600751842
1415,13340,0.4679328662663322
1416,5485,0.468419543897438
1417,6801,0.46921125598250485
1418,11668,0.6907728413860633
1419,9508,0.6069952791958828
1420,8131,0.45743768015469355
1421,14930,0.47855216691510327
1422,2620,0.5023029721277685
1423,10412,0.5714570291013372
1424,5451,0.4748613330041227
1425,14103,0.6055204675685594
1426,9054,0.473291522308645
1427,10109,0.5993122107027636
1428,14806,0.4425028861629213
1429,6102,0.6940149677133182
1430,10348,0.5709819486362917
1431,13522,0.5094881453823026
1432,3791,0.679058534657002
1433,5916,0.5299650152214804
1434,11219,0.5059613818209558
1435,4287,0.3903043075969589
1436,7508,0.5316326022570973
1437,5008,0.4596545762622897
1438,6745,0.5131999592211206
1439,11204,0.5198600808271436
1440,3651,0.612426927585339
1441,12788,0.7323226918800101
1442,10818,0.4698720393088007
1443,6603,0.5496027565654931
1444,6557,0.5088790456423068
1445,8790,0.5125647805939891
1446,6989,0.4990628560465682
1447,12652,0.5123569448889191
1448,1518,0.55827178039624
1449,5199,0.48135926152887454
1450,10522,0.3846952400040222
1451,13913,0.6019065821891215
1452,14958,0.5753933323082933
1453,2640,0.6792010876385689
1454,5747,0.5067555948352418
1455,9192,0.6670403351998689
1456,11404,0.4883568028887682
1457,3218,0.5452355730129704
1458,4997,0.48499966741482664
1459,8926,-0.8155223786658157
1460,14156,0.55163149795686
1461,7088,0.5055576897259983
1462,5973,0.591183077204968
1463,5543,0.4935493709378576
1464,7315,0.548198930701997
1465,2887,0.5044719790583144
1466,9202,0.5018994176018173
1467,11419,0.47744169166960737
1468,13506,0.5965342515734621
1469,7743,0.49601610773269805
1470,1497,0.521362480764827
1471,3158,0.6750790567535514
1472,9458,0.579170427917878
1473,10512,0.4750524327907514
1474,13413,0.6696926825012454
1475,6325,0.5908533445713905
1476,9646,0.5355610506366346
1477,14737,0.4489091523759209
1478,4131,0.4321519914261285
1479,16,0.45800844931845264
1480,9894,0.5808276478161061
1481,11685,0.5745058744182425
1482,12810,0.4824287858327643
1483,4211,0.46501297596197083
1484,4502,0.4652712195984582
1485,11977,0.5772992841983959
1486,578,0.6245939570940399
1487,9730,0.49384289703259454
1488,5987,0.4756648329507371
1489,9159,0.7315924264964816
1490,14840,0.6474917135035132
1491,7460,0.4553936709468176
1492,3104,0.4814616097867706
1493,6917,0.7071670730327773
1494,2239,0.5383392081027567
1495,1847,0.505611345840291
1496,6061,0.7421481177543323
1497,11620,0.49509714604835725
1498,7015,0.5743369256612082
1499,9957,0.5146096301101271
1500,2527,0.4825766557791964
1501,13809,0.7100902012776926
1502,8429,0.4794523687374456
1503,3636,0.481181837878628
1504,10178,0.468799727745561
1505,10236,0.6091461873293221
1506,10545,0.5057293332154276
1507,730,0.4845426144954937
1508,4791,0.5051435116216094
1509,9769,0.5598899199704106
1510,13240,0.45135618835622104
1511,8496,0.6652559058180334
1512,12160,0.49882526052967757
1513,9953,0.5341901989797185
1514,9982,0.4649216614898372
1515,9558,0.5812510570813012
1516,13234,0.47908356514275896
1517,9203,0.5200834070288523
1518,8806,0.5727501063002816
1519,7619,0.5398601697524332
1520,5236,0.4768930329235873
1521,5994,0.45525804256613434
1522,12674,0.4785439020399197
1523,6622,0.6356779168102785
1524,5518,0.47053006564865185
1525,13046,0.5389768528299598
1526,9399,0.49501554239373047
1527,603,0.4902472141333406
1528,14473,0.5827711084134275
1529,3177,0.6138823954556774
1530,8337,25.363243791090802
1531,1052,0.39660532175061003
1532,1859,0.5901351299919858
1533,10411,0.4762434642709332
1534,4665,0.47090839432681053
1535,6686,0.6482375168861216
1536,4896,0.5010556441534602
1537,9567,0.48063864648391397
1538,8372,0.4808717624122741
1539,1532,0.46997749010965273
1540,6771,0.47296416899520605
1541,10138,0.5242661527136323
1542,2346,2.177534056212737
1543,11441,0.45574039347943057
1544,9004,0.437681262628026
1545,6800,0.6951166914496589
1546,12658,0.5836076625243092
1547,14790,0.7751545805504184
1548,14572,0.6752059991449031
1549,3876,0.5466520080310568
1550,6184,0.6172413094223785
1551,11935,0.47929094621941576
1552,12708,0.6236661318081036
1553,493,0.6415251133098518
1554,9608,0.4982210867154798
1555,2621,0.47001809501789144
1556,10517,0.5776438700141749
1557,1076,0.6184842333671158
1558,10955,0.5035873582484314
1559,1498,0.5758398094641354
1560,12317,0.5309929426951718
1561,3229,0.6701067548770308
1562,11233,0.716014714949576
1563,6031,0.5582598825112937
1564,424,0.4939038626916522
1565,1991,0.4763635873191875
1566,5918,0.43970429367527786
1567,4308,0.5486042581621233
1568,11746,0.6234847788375111
1569,2474,0.382781928753696
1570,8464,0.47152650412062236
1571,3032,0.4390233816957336
1572,13279,0.5106356310415345
1573,7007,0.6301996116654425
1574,1789,0.7957821017104217
1575,3493,0.47701952397591774
1576,2218,0.6817134975079467
1577,2541,0.7113103406695536
1578,8391,0.5334135062236334
1579,4276,0.48230667408343675
1580,6467,0.45097500301733373
1581,11061,0.382576803051098
1582,4843,0.6924506537188722
1583,5764,0.4728932956945582
1584,9685,0.426294384583914
1585,9089,0.47112003822426385
1586,4218,0.7677977640981528
1587,13567,0.6318737564527124
1588,10942,0.5185719159220887
1589,3088,0.45747142548897524
1590,5288,0.5694451029286057
1591,6616,0.4684341084269614
1592,10346,0.46408035093748645
1593,12325,0.5321129558276811
1594,13487,0.46227247577094865
1595,8497,0.47379598422007835
1596,2123,0.695301708800786
1597,5206,0.8525940562240562
1598,1620,0.5640133393063114
1599,12083,0.5265225214393814
1600,13390,0.7751837750105439
1601,456,0.5064550188038777
1602,8144,0.4798294043181809
1603,13426,0.6825840651800212
1604,9583,0.5802048687950413
1605,12113,0.6187169159628583
1606,7539,0.5240205025121171
1607,3645,0.561070390103002
1608,2352,0.5475566384996167
1609,9788,0.49688903218660707
1610,11312,0.4601565253449229
1611,9274,0.47513469352894644
1612,3507,0.484806071218743
1613,11826,0.6739018086189136
1614,5266,0.44751510392686744
1615,12903,0.618681969990126
1616,104,0.5035985472650055
1617,1491,0.4506370545543157
1618,4124,0.6591794521490768
1619,10381,1.4051984087631633
1620,3548,0.45849413582152565
1621,3922,0.28488903763038
1622,8260,0.6328094121942881
1623,5201,0.6108925918671261
1624,3209,0.211641936046862
1625,1711,0.501324943394593
1626,2131,0.7035474134610606
1627,4672,0.644244005913963
1628,8165,0.46947905868172524
1629,3174,0.6288602926484226
1630,12492,0.6003667630774754
1631,790,0.4711201515092848
1632,1719,0.6868077082953024
1633,4729,0.7565614123723705
1634,8756,0.4641569196055708
1635,9238,0.537933807341644
1636,3992,0.45050512610664345
1637,11498,0.5515362330298169
1638,7940,0.7264696092433459
1639,509,0.45587727339387163
1640,3740,0.4840394903283851
1641,13135,0.6561221816631564
1642,12491,0.4830931477611158
1643,5309,0.49744171679810756
1644,6811,0.6066966903031075
1645,6367,0.5055129251247392
1646,10321,0.5703627996468876
1647,3646,0.5865397042640439
1648,3073,0.7644140238804538
1649,3005,0.6713863964957258
1650,8672,0.6435142910270608
1651,9994,0.5742333847199435
1652,734,-0.41513916151488883
1653,9658,0.4819788862431862
1654,6530,0.5456790160820817
1655,12156,0.538869183955109
1656,9977,0.7115117644360712
1657,5491,0.599235962419445
1658,12672,0.6360806861751207
1659,1860,0.47155369748422177
1660,3960,0.48589629253767286
1661,5472,0.7342572806615408
1662,12891,0.5537174094814133
1663,14959,0.5014572627630991
1664,9448,0.5987357223142619
1665,3749,0.6933242903880789
1666,9271,0.48072255442896566
1667,4506,0.4863342537232798
1668,12232,0.49673557477253116
1669,3239,0.48824585571004286
1670,1290,0.4097208305588672
1671,1478,0.49105731911683503
1672,843,0.5119164749141883
1673,963,0.6036968451032219
1674,6451,0.5166716343266331
1675,11873,0.5419079533108999
1676,13841,0.5292603864499571
1677,4214,0.6489726758314085
1678,9944,0.49023415345065735
1679,12234,0.6534097423146272
1680,9936,0.7837624994869555
1681,8784,-2.337156229164249
1682,9702,0.5934035830666347
1683,13607,0.2656139011030889
1684,1878,0.5234505166454693
1685,13917,0.7510366016602494
1686,14449,0.6241063156828361
1687,4963,0.4645411281232112
1688,99,0.44751607109903285
1689,4184,0.4810380298018085
1690,639,0.4590372544619169
1691,10866,0.5211731493595394
1692,9709,0.6666273668294477
1693,12970,0.7401469525101518
1694,166,0.4780294230418234
1695,7308,0.5117393668863123
1696,9565,0.4673371886234972
1697,12609,0.5029095560159307
1698,11268,0.463668014360161
1699,9861,0.561931179309214
1700,10370,0.5813967923192067
1701,8789,0.48440377864439926
1702,643,2.569591940759139
1703,3193,0.5280731486305895
1704,5799,0.663596060103213
1705,11563,0.4893708300606514
1706,3690,0.4849257001030884
1707,942,0.6375665813727287
1708,886,0.44758104593870923
1709,12964,0.6442153461664168
1710,5909,0.5456268113027832
1711,10492,0.5435975620108409
1712,6161,0.36403858122374955
1713,6169,0.8586865781999282
1714,14743,0.4394315327580567
1715,8301,0.5836983582725228
1716,4857,0.5170513441704074
1717,12057,0.4938139403069239
1718,2010,0.5093838162838293
1719,9106,0.7916837127618908
1720,14120,0.5795680698881954
1721,3852,0.45478115390397844
1722,560,0.4772522592983932
1723,6750,0.5176192562856788
1724,4977,0.41393735643556384
1725,7572,0.46739410208932564
1726,9607,0.21875269025025318
1727,9464,0.4873682257151944
1728,13526,0.49814257664747014
1729,12060,0.501662789296062
1730,8861,0.5257610983063863
1731,3134,0.48989925930742495
1732,7323,0.49295961890013434
1733,11933,0.4722021270108068
1734,13503,0.4798059470255679
1735,9581,0.5131203219353041
1736,6593,0.43857803627912817
1737,3760,0.6187375277238473
1738,11135,0.6431365289959731
1739,867,0.6781051251050987
1740,3096,0.8036511795128807
1741,6915,0.4811647282083219
1742,7622,0.43665214613519066
1743,2563,0.7017929654607222
1744,12631,0.47255445453849276
1745,9409,0.6722212481733154
1746,4375,0.7303106000107152
1747,8734,0.5464148631190795
1748,13412,0.7686274025289848
1749,7742,0.6242411319076706
1750,1646,0.4678402654384476
1751,13288,0.5193999858500981
1752,1607,0.4988602853634557
1753,14532,0.47900391938928266
1754,14217,0.4952150494867574
1755,13350,0.5794270605776675
1756,5151,0.5316554362287786
1757,13726,0.481280789244662
1758,8701,0.7663238747151262
1759,12155,0.6652109797521644
1760,7017,0.5104228459259004
1761,6804,0.4980382196868268
1762,7995,0.462686412151515
1763,4435,0.5178083869518789
1764,12847,0.48246806451520663
1765,5054,0.3860927080479406
1766,3742,0.6771395728126346
1767,10552,0.5018549180706992
1768,6168,0.4917687503431052
1769,14683,0.47817294343013517
1770,12295,0.4886101929416952
1771,1909,0.5420359900739542
1772,8233,0.5267745331139897
1773,9289,0.8556451637618631
1774,75,0.5189921201390038
1775,3724,0.4046081485209658
1776,8549,0.5471995939534711
1777,2088,0.6730940765716191
1778,1393,0.5039446296000336
1779,7357,0.46079669931346523
1780,2802,0.47429791936231797
1781,10130,0.5265411885589529
1782,2290,0.4589174058085138
1783,4626,0.5918662472179966
1784,4335,0.6302680959327596
1785,3047,40.892504914677616
1786,11835,0.6641113956454265
1787,1202,0.4527207825235684
1788,715,0.6266774415895705
1789,6742,0.6970139843062707
1790,13424,0.46996775663203794
1791,8409,0.49257710072625116
1792,3287,0.6416607877176161
1793,14406,0.5644425815614245
1794,14776,0.48354678096365555
1795,12141,0.7182530683649023
1796,4623,0.47834023433285605
1797,1038,0.47401534472842377
1798,13114,0.49676535078700595
1799,14839,0.5128076262795154
1800,2133,0.5006426652165181
1801,11440,0.5515161651686129
1802,1020,0.6329563369529427
1803,8325,0.4852339140407447
1804,1228,0.48150621400590055
1805,12836,0.7878172343432253
1806,12945,0.4713323186733397
1807,7977,0.49330233893990993
1808,10020,0.6033313285602157
1809,5083,0.7886336561401465
1810,11513,0.4772669424556101
1811,11723,0.5698408486174443
1812,14279,0.4459245063331722
1813,13175,0.6074597669491549
1814,6420,0.5404034039577319
1815,5292,0.4489854457261957
1816,1164,0.46407913070820983
1817,4962,0.4896160032369757
1818,4697,0.46956135712648805
1819,6389,0.46940212391041314
1820,13408,0.49362061002387814
1821,13423,0.529458956023833
1822,10144,0.47958305251926736
1823,1616,0.5902869815819114
1824,5937,0.4872127907461467
1825,4824,0.5413971157665244
1826,5901,0.5371863051364274
1827,5492,0.6059680696537059
1828,2582,0.6790783033535257
1829,12782,0.48985395569251855
1830,3816,0.46783414730903605
1831,14310,0.46686063445830106
1832,12854,0.468139831283064
1833,8439,0.4968218664018145
1834,4119,0.4726478072092437
1835,8418,0.521719796245458
1836,9052,0.7405469972690979
1837,11552,0.5585779662692261
1838,5040,0.48920475938499164
1839,4621,0.7250253325577058
1840,10649,0.644153141379854
1841,14237,0.4595981645114541
1842,13580,0.4582222179455596
1843,1243,0.5571696872447813
1844,13015,0.4975232423543361
1845,902,0.4956621942681668
1846,14981,0.46636852910476456
1847,4439,0.7347343634044295
1848,3721,0.4258852661459973
1849,13771,0.37656780723458083
1850,13755,0.6223453303622422
1851,5126,0.47238106867805946
1852,6254,0.5552094919877381
1853,11666,0.5458272650109254
1854,5676,0.49082115527964065
1855,5903,0.4723256452638736
1856,514,0.4793138267446295
1857,14476,0.579730150670505
1858,8448,0.4898859227455384
1859,12101,0.477801331564606
1860,4635,0.472262452071516
1861,11664,0.5005421077959191
1862,4090,0.6457626528223074
1863,13706,0.41797643887480984
1864,7771,0.46777300527831533
1865,5231,0.4599168453950628
1866,12852,0.4740721066256057
1867,885,0.7000662223897917
1868,2472,0.5048865510483612
1869,7518,0.7545526050754245
1870,11794,0.6635925675788732
1871,5258,0.7315082862356536
1872,4704,10.283826298843156
1873,5356,0.46945401183169866
1874,637,0.6244994274009213
1875,10796,0.5800030558621616
1876,4514,0.6552475259059142
1877,5530,0.6811636059309422
1878,9232,0.5288091896657799
1879,10246,0.7345217582583661
1880,12365,0.6327543318329223
1881,3492,0.45168376188470316
1882,14312,0.4639567809420397
1883,9814,0.4722456040267508
1884,10471,0.6433441457069573
1885,13710,0.46118199794063097
1886,1547,0.45708002547263304
1887,6655,0.7152464254036013
1888,14355,0.30435629604915226
1889,4790,0.48732191822486726
1890,1714,0.46378724085892575
1891,5343,-0.5109113994850946
1892,6065,0.8130887418924866
1893,9030,0.5726100196837615
1894,12088,0.7910127740224733
1895,2385,0.5207400388054633
1896,4185,0.48150944760376485
1897,1305,0.5095394407540649
1898,8651,0.6234755784801682
1899,10902,0.47416456862743717
1900,13994,0.5244080164305495
1901,8304,0.45177210075333063
1902,12229,0.5144014012081524
1903,13108,0.6675115670707866
1904,9777,0.502409181157085
1905,8909,0.4891879550688695
1906,3431,0.4522820317981535
1907,12369,13.354533644598636
1908,3346,0.5158513359683825
1909,1913,0.5116009163768785
1910,10422,0.4674709476277744
1911,2435,0.6225312551981378
1912,10989,0.5000777634624014
1913,3931,0.5154917594411037
1914,3300,0.4547530956365381
1915,3478,0.3233652223879886
1916,7251,0.48653316564565674
1917,12606,0.7724037162066315
1918,1605,0.4905700239481508
1919,11004,0.47379239870152123
1920,2311,0.5503690835342058
1921,14906,0.5671687793311789
1922,4666,0.5644369384921895
1923,294,0.9265687640068853
1924,10603,0.49537570422203375
1925,7044,0.6879460585977942
1926,5119,0.6270034661672144
1927,7290,0.5000604754833371
1928,13359,0.6230804412164783
1929,13303,0.52361395541075
1930,2163,0.48155867841163225
1931,452,0.4777277618264648
1932,6703,0.43824722403709604
1933,14448,0.6908990572979181
1934,808,0.5062891455787286
1935,3301,0.5041282346886728
1936,6304,0.6754044248130345
1937,6882,0.7097549246641724
1938,8489,0.4665768551500444
1939,5120,0.4108763459209891
1940,7256,0.6617958101609138
1941,12614,0.3665026244077789
1942,3479,0.4707536843558011
1943,14854,0.47274550283614875
1944,12137,0.4888181531617296
1945,10665,0.4602756376982674
1946,7415,0.4152794086533349
1947,3056,0.49959864473356064
1948,13383,0.5956606700818401
1949,13839,0.4534436360167048
1950,13141,0.46429022134299114
1951,2594,0.47004425064042055
1952,1125,0.5497278406202682
1953,6227,0.7305797010504671
1954,7072,0.62918731773864
1955,2547,0.4810808028497181
1956,7586,0.46959317973488657
1957,13065,0.7293729990682957
1958,1136,0.6652475922664742
1959,1845,0.5335333618962543
1960,14357,0.5982774969749833
1961,94,0.6333002831533063
1962,13930,0.5628094304606044
1963,6752,0.45951231684915006
1964,2021,0.563897341643387
1965,1222,0.47139737039386886
1966,10476,0.8083985174132958
1967,12579,0.5398794910336696
1968,11363,0.4712665011173095
1969,6759,0.40803229441072697
1970,884,1.270490301637405
1971,8996,0.4420242058321141
1972,9164,0.5038427256883976
1973,13012,0.5680733467064836
1974,3168,0.5182579728971638
1975,8255,0.5239265251488456
1976,5464,0.4621077510995603
1977,12893,0.4529717891028946
1978,12462,0.4727265064795093
1979,14931,0.6880010952688335
1980,1943,0.46731983047419406
1981,444,0.46998412138018353
1982,9264,0.3639706514037505
1983,9228,0.4791649273911395
1984,14386,0.5029716084742148
1985,9819,0.5027324407405636
1986,11015,0.452730229774703
1987,11083,25.93226898336601
1988,6153,0.4797507296999157
1989,10529,0.5533918366206091
1990,7271,0.4661542575011589
1991,5733,0.5196204776443686
1992,2534,0.5577797552102747
1993,7277,0.48355090387405875
1994,14164,0.6570381469729659
1995,12195,0.5115146155903063
1996,5300,0.4956860387462009
1997,850,0.5043325701431302
1998,12134,0.4546203418950426
1999,7755,0.4751579265177184
